{
  "word_count":{
    "extractive":121.1123188406,
    "hybrid":75.3007246377
  },
  "length_ok":{
    "extractive":0.6376811594,
    "hybrid":0.6376811594
  },
  "has_customer":{
    "extractive":1.0,
    "hybrid":1.0
  },
  "has_counterparty":{
    "extractive":0.6231884058,
    "hybrid":0.6376811594
  },
  "has_bank":{
    "extractive":0.0398550725,
    "hybrid":0.6376811594
  },
  "has_amount":{
    "extractive":0.0,
    "hybrid":0.6376811594
  },
  "has_date":{
    "extractive":0.6376811594,
    "hybrid":0.6376811594
  },
  "has_mode":{
    "extractive":0.1413043478,
    "hybrid":0.6376811594
  },
  "critical_ok":{
    "extractive":0.0,
    "hybrid":0.6376811594
  },
  "overall_ok":{
    "extractive":0.0,
    "hybrid":0.6376811594
  }
}